<?xml version="1.0" encoding="UTF-8"?>
<project-private xmlns="http://www.netbeans.org/ns/project-private/1">
    <editor-bookmarks xmlns="http://www.netbeans.org/ns/editor-bookmarks/2" lastBookmarkId="0"/>
    <open-files xmlns="http://www.netbeans.org/ns/projectui-open-files/2">
        <group>
            <file>file:/C:/Users/M.A%20Al-Aidaros/Desktop/TMA%20TM352/src/CGClient/compStatus.java</file>
            <file>file:/C:/Users/M.A%20Al-Aidaros/Desktop/TMA%20TM352/src/CGClient/compReport.java</file>
            <file>file:/C:/Users/M.A%20Al-Aidaros/Desktop/TMA%20TM352/src/CGClient/complaint.java</file>
            <file>file:/C:/Users/M.A%20Al-Aidaros/Desktop/TMA%20TM352/src/CGClient/CGClient.java</file>
            <file>file:/C:/Users/M.A%20Al-Aidaros/Desktop/TMA%20TM352/src/CGClient/ComplaintGUI.java</file>
            <file>file:/C:/Users/M.A%20Al-Aidaros/Desktop/TMA%20TM352/src/CGClient/compCheck.java</file>
            <file>file:/C:/Users/M.A%20Al-Aidaros/Desktop/TMA%20TM352/src/CGClient/compFile.java</file>
            <file>file:/C:/Users/M.A%20Al-Aidaros/Desktop/TMA%20TM352/src/CGClient/compRegister.java</file>
        </group>
    </open-files>
</project-private>
